<?xml version="1.0" encoding="utf-8"?>
<permissions>
    <privapp-permissions package="com.deepshetye.AIEPABX">
        <permission name="android.permission.CAPTURE_AUDIO_OUTPUT"/>
        <permission name="android.permission.MODIFY_PHONE_STATE"/>
        <permission name="android.permission.READ_PRECISE_PHONE_STATE"/>
        <permission name="android.permission.ANSWER_PHONE_CALLS"/>
        <permission name="android.permission.CALL_PHONE"/>
        <permission name="android.permission.READ_PHONE_STATE"/>
    </privapp-permissions>
</permissions>
